{"cameraMode":{"drawMode":0,"name":"Shaded","section":"Shading Mode"},"sceneLighting":true,"audioPlay":false,"sceneViewState":{"showFog":true,"showMaterialUpdate":false,"showSkybox":true,"showFlares":true,"showImageEffects":true,"showParticleSystems":true},"in2DMode":false,"pivot":{"x":-1.0689365863800049,"y":-1.6463937759399415,"z":-8.483780860900879},"rotation":{"x":-0.036866284906864169,"y":0.9588946104049683,"z":-0.23955142498016358,"w":-0.1475711464881897},"size":6.852450370788574,"orthographic":false}